Gunler,Kumbara
Cuma,1
Cumartesi,2
Pazar,3
Pazartesi,4
Salı,5
Çarşamba,6
Perşembe,7
Cuma,8
Cumartesi,9
Pazar,10
Pazartesi,11
Salı,12
Çarşamba,13
Perşembe,14
Cuma,15
Cumartesi,16
Pazar,17
Pazartesi,18
Salı,19
Çarşamba,20
Perşembe,21
Cuma,22
Cumartesi,23
Pazar,24
Pazartesi,25
Salı,26
Çarşamba,27
Perşembe,28
Cuma,29
Cumartesi,30
Pazar,31
Pazartesi,32
Salı,33
Çarşamba,34
Perşembe,35
Cuma,36
Cumartesi,37
Pazar,38
Pazartesi,39
Salı,40
Çarşamba,41
Perşembe,42
Cuma,43
Cumartesi,44
Pazar,45
Pazartesi,46
Salı,47
Çarşamba,48
Perşembe,49
Cuma,50
Cumartesi,51
Pazar,52
Pazartesi,53
Salı,54
Çarşamba,55
Perşembe,56
Cuma,57
Cumartesi,58
Pazar,59
Pazartesi,60
Salı,61
Çarşamba,62
Perşembe,63
Cuma,64
Cumartesi,65
Pazar,66
Pazartesi,67
Salı,68
Çarşamba,69
Perşembe,70
Cuma,71
Cumartesi,72
Pazar,73
Pazartesi,74
Salı,75
Çarşamba,76
Perşembe,77
Cuma,78
Cumartesi,79
Pazar,80
Pazartesi,81
Salı,82
Çarşamba,83
Perşembe,84
Cuma,85
Cumartesi,86
Pazar,87
Pazartesi,88
Salı,89
Çarşamba,90
Perşembe,91
Cuma,92
Cumartesi,93
Pazar,94
Pazartesi,95
Salı,96
Çarşamba,97
Perşembe,98
Cuma,99
Cumartesi,100
Pazar,101
Pazartesi,102
Salı,103
Çarşamba,104
Perşembe,105
Cuma,106
Cumartesi,107
Pazar,108
Pazartesi,109
Salı,110
Çarşamba,111
Perşembe,112
Cuma,113
Cumartesi,114
Pazar,115
Pazartesi,116
Salı,117
Çarşamba,118
Perşembe,119
Cuma,120
Cumartesi,121
Pazar,122
Pazartesi,123
Salı,124
Çarşamba,125
Perşembe,126
Cuma,127
Cumartesi,128
Pazar,129
Pazartesi,130
Salı,131
Çarşamba,132
Perşembe,133
Cuma,134
Cumartesi,135
Pazar,136
Pazartesi,137
Salı,138
Çarşamba,139
Perşembe,140
Cuma,141
Cumartesi,142
Pazar,143
Pazartesi,144
Salı,145
Çarşamba,146
Perşembe,147
Cuma,148
Cumartesi,149
Pazar,150
Pazartesi,151
Salı,152
Çarşamba,153
Perşembe,154
Cuma,155
Cumartesi,156
Pazar,157
Pazartesi,158
Salı,159
Çarşamba,160
Perşembe,161
Cuma,162
Cumartesi,163
Pazar,164
Pazartesi,165
Salı,166
Çarşamba,167
Perşembe,168
Cuma,169
Cumartesi,170
Pazar,171
Pazartesi,172
Salı,173
Çarşamba,174
Perşembe,175
Cuma,176
Cumartesi,177
Pazar,178
Pazartesi,179
Salı,180
Çarşamba,181
Perşembe,182
Cuma,183
Cumartesi,184
Pazar,185
Pazartesi,186
Salı,187
Çarşamba,188
Perşembe,189
Cuma,190
Cumartesi,191
Pazar,192
Pazartesi,193
Salı,194
Çarşamba,195
Perşembe,196
Cuma,197
Cumartesi,198
Pazar,199
Pazartesi,200
Salı,201
Çarşamba,202
Perşembe,203
Cuma,204
Cumartesi,205
Pazar,206
Pazartesi,207
Salı,208
Çarşamba,209
Perşembe,210
Cuma,211
Cumartesi,212
Pazar,213
Pazartesi,214
Salı,215
Çarşamba,216
Perşembe,217
Cuma,218
Cumartesi,219
Pazar,220
Pazartesi,221
Salı,222
Çarşamba,223
Perşembe,224
Cuma,225
Cumartesi,226
Pazar,227
Pazartesi,228
Salı,229
Çarşamba,230
Perşembe,231
Cuma,232
Cumartesi,233
Pazar,234
Pazartesi,235
Salı,236
Çarşamba,237
Perşembe,238
Cuma,239
Cumartesi,240
Pazar,241
Pazartesi,242
Salı,243
Çarşamba,244
Perşembe,245
Cuma,246
Cumartesi,247
Pazar,248
Pazartesi,249